{"reward/satified OD demand": 3.5811537504196167, "reward/social equity": 11.863463401794434, "reward/radiation accessibility": 39.304813385009766, "loss/critic_loss": 14.124639511108398, "loss/actor_loss": -175.28042602539062, "_timestamp": 1724074385.4402666, "_runtime": 2317.6144275665283, "_step": 3999}