{"reward/satified OD demand": 29.650757551193237, "reward/social equity": 40.02092695236206, "reward/radiation accessibility": 52.015384674072266, "global_step": 3999, "_timestamp": 1710840089.7417102, "_runtime": 13961.52060008049, "_step": 3999, "_wandb": {"runtime": 13961}}