{"reward/satified OD demand": 4.250538978725672, "reward/social equity": 4.86566948145628, "reward/radiation accessibility": 21.69801425933838, "loss/critic_loss": 1495.8035888671875, "loss/actor_loss": -230.55735778808594, "_timestamp": 1723986016.9316258, "_runtime": 15.343913793563843, "_step": 17, "_wandb": {"runtime": 14}}