{"reward/satified OD demand": 2.2443055026233196, "reward/social equity": 3.547702834010124, "reward/radiation accessibility": 23.08671760559082, "loss/critic_loss": 23.630434036254883, "loss/actor_loss": 14.600571632385254, "_timestamp": 1723974401.981239, "_runtime": 287.3399860858917, "_step": 781, "_wandb": {"runtime": 286}}