{"reward/satified OD demand": 30.216803550720215, "reward/social equity": 38.20863151550293, "reward/radiation accessibility": 39.304813385009766, "loss/critic_loss": 214.3584442138672, "loss/actor_loss": -161.4684295654297, "_timestamp": 1723792643.4904976, "_runtime": 22.501092672348022, "_step": 0, "_wandb": {"runtime": 33}}