{"reward/satified OD demand": 10.467350482940674, "reward/social equity": 33.599544525146484, "reward/radiation accessibility": 45.660099029541016, "loss/critic_loss": 1.4046120643615723, "loss/actor_loss": 34.2427864074707, "_timestamp": 1723695168.0697424, "_runtime": 2101.683084487915, "_step": 2360}