{"reward/satified OD demand": 30.079180240631104, "reward/social equity": 38.44501733779907, "reward/radiation accessibility": 48.83774185180664, "loss/critic_loss": 1506.7386474609375, "loss/actor_loss": -74.035888671875, "_timestamp": 1723971719.8104174, "_runtime": 1216.3372423648834, "_step": 1976, "_wandb": {"runtime": 1216}}