{"reward/satified OD demand": 3.7799907326698303, "reward/social equity": 11.837504148483276, "reward/radiation accessibility": 45.660099029541016, "loss/critic_loss": 0.4741140902042389, "loss/actor_loss": 6.068607330322266, "_timestamp": 1723701478.088455, "_runtime": 465.66641998291016, "_step": 685}