{"reward/satified OD demand": 11.276592493057251, "reward/social equity": 22.317778396606446, "reward/radiation accessibility": 46.931156158447266, "loss/critic_loss": 16.590435028076172, "loss/actor_loss": -34.42182159423828, "_timestamp": 1724126368.7564003, "_runtime": 2454.071773290634, "_step": 1240}