{"reward/satified OD demand": 0.5434433345217258, "reward/social equity": 2.614181876182556, "reward/radiation accessibility": 18.155312538146973, "loss/critic_loss": 84.54292297363281, "loss/actor_loss": -227.34840393066406, "_timestamp": 1723705482.5356033, "_runtime": 170.27977633476257, "_step": 285}