{"reward/satified OD demand": 13.798775911331177, "reward/social equity": 12.670247316360474, "reward/radiation accessibility": 47.24892044067383, "global_step": 581, "_timestamp": 1710845099.4332547, "_runtime": 447.09644079208374, "_step": 1163, "loss/critic_loss": 12.685912132263184, "loss/actor_loss": 69.76806640625}