{"reward/satified OD demand": 23.269057273864746, "reward/social equity": 57.48009967803955, "reward/radiation accessibility": 45.660099029541016, "loss/critic_loss": 548811.4375, "loss/actor_loss": 664.7526245117188, "_timestamp": 1724005984.7626421, "_runtime": 11082.482265233994, "_step": 4999}