{"reward/satified OD demand": 2.655730929225683, "reward/social equity": 4.26067852973938, "reward/radiation accessibility": 14.977669715881348, "loss/critic_loss": 184139.828125, "loss/actor_loss": 3606.93310546875, "_timestamp": 1723985799.6440485, "_runtime": 9.41089653968811, "_step": 3, "_wandb": {"runtime": 8}}