{"reward/satified OD demand": 2.2653434881940484, "reward/social equity": 3.6212924644351006, "reward/radiation accessibility": 27.67878746986389, "loss/critic_loss": 2.1750295162200928, "loss/actor_loss": 22.938121795654297, "_timestamp": 1723962898.3149202, "_runtime": 93.80939722061157, "_step": 59}