{"reward/satified OD demand": 4.85635144636035, "reward/social equity": 5.034658342599869, "reward/radiation accessibility": 22.20983648300171, "global_step": 0, "_timestamp": 1710844084.9594169, "_runtime": 24.06275177001953, "_step": 1, "loss/critic_loss": 22.594846725463867, "loss/actor_loss": 125.41729736328125}