{"reward/satified OD demand": 39.16081894328818, "reward/social equity": 37.32431272789836, "reward/radiation accessibility": 44.82445311546326, "global_step": 999, "_timestamp": 1706685720.1642752, "_runtime": 6114.070840120316, "_step": 999, "_wandb": {"runtime": 6113}}