{"reward/satified OD demand": 29.776450294535607, "reward/social equity": 30.11709251254797, "reward/radiation accessibility": 36.76121628284454, "global_step": 999, "_timestamp": 1706695256.4711893, "_runtime": 25661.91066122055, "_step": 999, "_wandb": {"runtime": 25662}}