{"reward/satified OD demand": 4.729182468727231, "reward/social equity": 5.186868116259575, "reward/radiation accessibility": 31.53815197944641, "loss/critic_loss": 2782.45263671875, "loss/actor_loss": -17.722986221313477, "_timestamp": 1723994196.8570287, "_runtime": 1963.14617061615, "_step": 438, "_wandb": {"runtime": 1963}}