{"reward/satified OD demand": 22.325849342346192, "reward/social equity": 55.675716400146484, "reward/radiation accessibility": 49.473270416259766, "loss/critic_loss": 558758.375, "loss/actor_loss": 313.3961486816406, "_timestamp": 1724091316.6767657, "_runtime": 12187.673294782639, "_step": 3999}