{"reward/satified OD demand": 0.6741310362704098, "reward/social equity": 3.990486741065979, "reward/radiation accessibility": 18.155312538146973, "loss/critic_loss": 0.6799740791320801, "loss/actor_loss": 11.441850662231445, "_timestamp": 1723711744.9920979, "_runtime": 201.2956669330597, "_step": 371}