{"reward/satified OD demand": 47.228577613830566, "reward/social equity": 35.98711055517197, "reward/radiation accessibility": 47.24892044067383, "global_step": 999, "_timestamp": 1706693063.7664294, "_runtime": 7091.370366334915, "_step": 999, "_wandb": {"runtime": 7090}}