{"reward/satified OD demand": 25.8555645942688, "reward/social equity": 26.068825244903564, "reward/radiation accessibility": 45.660099029541016, "loss/critic_loss": 2.9624416828155518, "loss/actor_loss": -23.665836334228516, "_timestamp": 1723798521.5465083, "_runtime": 3575.621594429016, "_step": 3778}