{"reward/satified OD demand": 0.3402951623284025, "reward/social equity": 1.4559310376644135, "reward/radiation accessibility": 6.868621826171875, "loss/critic_loss": 0.11473207175731659, "loss/actor_loss": -4.109660625457764, "_timestamp": 1723714488.279804, "_runtime": 188.69310092926025, "_step": 300}