{"reward/satified OD demand": 41.8812695145607, "reward/social equity": 28.05568778514862, "reward/radiation accessibility": 47.02970016002655, "global_step": 999, "_timestamp": 1706711192.5415905, "_runtime": 15763.658892393112, "_step": 999, "_wandb": {"runtime": 15765}}