{"reward/satified OD demand": 3.203362547326833, "reward/social equity": 4.688146084547043, "reward/radiation accessibility": 14.977669715881348, "loss/critic_loss": 12.738621711730957, "loss/actor_loss": 37.497413635253906, "_timestamp": 1723637346.0113783, "_runtime": 78.91937637329102, "_step": 121}