{"reward/satified OD demand": 40.53963905572891, "reward/social equity": 37.98633575439453, "reward/radiation accessibility": 45.31168353557587, "global_step": 999, "_timestamp": 1706674012.103297, "_runtime": 4708.778573036194, "_step": 999, "_wandb": {"runtime": 4707}}