{"reward/satified OD demand": 24.797072410583496, "reward/social equity": 52.8326940536499, "reward/radiation accessibility": 40.8660888671875, "loss/critic_loss": 4.364511013031006, "loss/actor_loss": -9.092732429504395, "_timestamp": 1723782726.951286, "_runtime": 5978.908272981644, "_step": 5999, "_wandb": {"runtime": 5980}}