{"reward/satified OD demand": 12.060628175735474, "reward/social equity": 15.169495582580566, "reward/radiation accessibility": 45.660099029541016, "loss/critic_loss": -8434.16015625, "loss/actor_loss": -405413.46875, "_timestamp": 1723977690.8046505, "_runtime": 501.82822942733765, "_step": 2062, "_wandb": {"runtime": 501}}