{"reward/satified OD demand": 3.1257190201431513, "reward/social equity": 4.228779686614871, "reward/radiation accessibility": 28.998835921287537, "loss/critic_loss": 2353.1328125, "loss/actor_loss": -156.19778442382812, "_timestamp": 1723994490.9600294, "_runtime": 936.6510014533997, "_step": 360}