{"reward/satified OD demand": 8.72249473631382, "reward/social equity": 8.676020592451096, "reward/radiation accessibility": 26.264360427856445, "loss/critic_loss": 33.283531188964844, "loss/actor_loss": -314.36376953125, "_timestamp": 1723973660.639616, "_runtime": 458.12396597862244, "_step": 966, "_wandb": {"runtime": 457}}