{"reward/satified OD demand": 5.7499245731160045, "reward/social equity": 4.742032900452614, "reward/radiation accessibility": 18.408976197242737, "loss/critic_loss": 53.427024841308594, "loss/actor_loss": 221.7406768798828, "_timestamp": 1723553094.454694, "_runtime": 39.265279054641724, "_step": 0, "_wandb": {"runtime": 58}}