{"reward/satified OD demand": 58.274205684661865, "reward/social equity": 70.98058986663818, "reward/radiation accessibility": 40.09922409057617, "loss/critic_loss": 16.21013641357422, "loss/actor_loss": 16.474767684936523, "_timestamp": 1723627819.9791527, "_runtime": 74679.1892797947, "_step": 1691}