{"reward/satified OD demand": 1.0593017505016178, "reward/social equity": 2.5556901693344116, "reward/radiation accessibility": 6.010044097900391, "global_step": 39, "_timestamp": 1710824827.4424422, "_runtime": 99.0864942073822, "_step": 39, "_wandb": {"runtime": 99}}