{"reward/satified OD demand": 2.4634423702955246, "reward/social equity": 4.423224210739136, "reward/radiation accessibility": 20.59384775161743, "loss/critic_loss": 1045.656982421875, "loss/actor_loss": -39.73161315917969, "_timestamp": 1723979427.1420357, "_runtime": 105.02601861953735, "_step": 252, "_wandb": {"runtime": 104}}