{"reward/satified OD demand": 1.5755125433206558, "reward/social equity": 7.096578001976013, "reward/radiation accessibility": 26.264360427856445, "loss/critic_loss": 0.6832444667816162, "loss/actor_loss": -6.359982013702393, "_timestamp": 1723706504.4535654, "_runtime": 1012.1749103069305, "_step": 1877}