{"reward/satified OD demand": 3.3881308853626253, "reward/social equity": 9.193420314788819, "reward/radiation accessibility": 30.845013046264647, "loss/critic_loss": 68507.265625, "loss/actor_loss": 946.33642578125, "_timestamp": 1724078958.0694973, "_runtime": 3808.0235364437103, "_step": 1838}