{"reward/satified OD demand": 0.2171322200447321, "reward/social equity": 0.6661602109670639, "reward/radiation accessibility": 6.868621826171875, "loss/critic_loss": 278.2248840332031, "loss/actor_loss": -133.75503540039062, "_timestamp": 1723993480.401794, "_runtime": 515.682256937027, "_step": 743}