{"reward/satified OD demand": 64.1243782043457, "reward/social equity": 37.76940727233887, "reward/radiation accessibility": 46.44073677062988, "loss/critic_loss": 25.539106369018555, "loss/actor_loss": 37.58039855957031, "_timestamp": 1723700980.932275, "_runtime": 5791.268660068512, "_step": 5999, "_wandb": {"runtime": 5793}}