{"reward/satified OD demand": 61.345040798187256, "reward/social equity": 74.10888528823853, "reward/radiation accessibility": 45.85525846481323, "loss/critic_loss": 39.199745178222656, "loss/actor_loss": -72.33304595947266, "_timestamp": 1723636814.3836439, "_runtime": 8281.441677808762, "_step": 2034}