{"reward/satified OD demand": 0.0, "reward/social equity": 0.20317157171666622, "reward/radiation accessibility": 0.0, "global_step": 9, "_timestamp": 1706885574.8665836, "_runtime": 9.923714637756348, "_step": 9, "_wandb": {"runtime": 10}}