{"reward/satified OD demand": 1.84034825861454, "reward/social equity": 4.5659846514463425, "reward/radiation accessibility": 14.977669715881348, "loss/critic_loss": 11.20877742767334, "loss/actor_loss": -9.952180862426758, "_timestamp": 1723637518.8847785, "_runtime": 163.5078854560852, "_step": 290}