{"reward/satified OD demand": 9.406460285186768, "reward/social equity": 12.665971279144287, "reward/radiation accessibility": 52.015384674072266, "loss/critic_loss": 53.503692626953125, "loss/actor_loss": 215.23464965820312, "_timestamp": 1723978603.387949, "_runtime": 166.97174191474915, "_step": 814, "_wandb": {"runtime": 166}}