{"reward/satified OD demand": 0.20424761099275202, "reward/social equity": 0.8478136360645294, "reward/radiation accessibility": 6.868621826171875, "global_step": 9, "_timestamp": 1710824975.7343204, "_runtime": 28.684176445007324, "_step": 9, "_wandb": {"runtime": 28}}