{"reward/satified OD demand": 2.5683234026655555, "reward/social equity": 5.050915226340294, "reward/radiation accessibility": 15.707913398742676, "loss/critic_loss": 32.5018196105957, "loss/actor_loss": -108.90685272216797, "_timestamp": 1723962557.0329998, "_runtime": 141.16545581817627, "_step": 163, "_wandb": {"runtime": 141}}