{"reward/satified OD demand": 3.62426046282053, "reward/social equity": 5.906126797199249, "reward/radiation accessibility": 26.264360427856445, "loss/critic_loss": 1858.07373046875, "loss/actor_loss": 28.270713806152344, "_timestamp": 1723979694.95954, "_runtime": 142.7993040084839, "_step": 347, "_wandb": {"runtime": 141}}