{"reward/satified OD demand": 5.987378246150911, "reward/social equity": 8.930778175592422, "reward/radiation accessibility": 35.96222972869873, "loss/critic_loss": 13.576239585876465, "loss/actor_loss": 32.303489685058594, "_timestamp": 1723962886.0547855, "_runtime": 315.88255047798157, "_step": 39, "_wandb": {"runtime": 319}}