{"reward/satified OD demand": 22.549835014343262, "reward/social equity": 59.07096862792969, "reward/radiation accessibility": 50.744327545166016, "loss/critic_loss": 429863.5, "loss/actor_loss": 381.1277160644531, "_timestamp": 1724148870.7440515, "_runtime": 11037.845724344254, "_step": 3421}