{"reward/satified OD demand": 27.68703842163086, "reward/social equity": 13.026262760162354, "reward/radiation accessibility": 42.48245620727539, "loss/critic_loss": 15.612112045288086, "loss/actor_loss": -75.9892349243164, "_timestamp": 1723710770.288912, "_runtime": 922.4449889659882, "_step": 1234}