{"reward/satified OD demand": 2.091694718847672, "reward/social equity": 2.7248911758263907, "reward/radiation accessibility": 16.278985023498535, "loss/critic_loss": 990.6605224609375, "loss/actor_loss": 12.867976188659668, "_timestamp": 1723984939.0011218, "_runtime": 37.130390644073486, "_step": 52, "_wandb": {"runtime": 36}}