{"reward/satified OD demand": 4.475543174892664, "reward/social equity": 4.422293625771999, "reward/radiation accessibility": 23.281877040863037, "global_step": 3, "_timestamp": 1710844910.404754, "_runtime": 170.6510260105133, "_step": 6, "loss/critic_loss": 13.80496883392334, "loss/actor_loss": 123.45832824707031}