{"reward/satified OD demand": 54.909706115722656, "reward/social equity": 64.4784049987793, "reward/radiation accessibility": 42.48245620727539, "loss/critic_loss": 68.25941467285156, "loss/actor_loss": -112.77197265625, "_timestamp": 1723641697.61821, "_runtime": 4168.820736169815, "_step": 3999, "_wandb": {"runtime": 4170}}