{"reward/satified OD demand": 2.067709476705204, "reward/social equity": 3.213671337813139, "reward/radiation accessibility": 22.228139877319336, "global_step": 4, "loss/critic_loss": 2.6135103702545166, "loss/actor_loss": 10.856413841247559, "_timestamp": 1710845026.8364794, "_runtime": 73.70238041877747, "_step": 4}