{"reward/satified OD demand": 0.5530564212240279, "reward/social equity": 3.2962968945503235, "reward/radiation accessibility": 14.977669715881348, "loss/critic_loss": 0.5566519498825073, "loss/actor_loss": -5.297764778137207, "_timestamp": 1723706707.2941146, "_runtime": 193.4188995361328, "_step": 333}