{"reward/satified OD demand": 30.91885281726718, "reward/social equity": 42.543026100844145, "reward/radiation accessibility": 33.847007751464844, "global_step": 999, "_timestamp": 1706714016.212702, "_runtime": 4876.217015028, "_step": 999, "_wandb": {"runtime": 4875}}