{"reward/satified OD demand": 23.93972158432007, "reward/social equity": 18.81566095352173, "reward/radiation accessibility": 36.1623477935791, "loss/critic_loss": 36.499656677246094, "loss/actor_loss": -161.2019805908203, "_timestamp": 1723727014.6972604, "_runtime": 2889.673757314682, "_step": 3084}