{"reward/satified OD demand": 1.3253303095698357, "reward/social equity": 4.782043099403381, "reward/radiation accessibility": 20.59384775161743, "loss/critic_loss": 14967.912109375, "loss/actor_loss": -25.23439598083496, "_timestamp": 1724053173.8788502, "_runtime": 426.3992643356323, "_step": 669}