{"reward/satified OD demand": 28.6587415933609, "reward/social equity": 45.0638473033905, "reward/radiation accessibility": 26.305595636367798, "global_step": 999, "_timestamp": 1706699617.9784603, "_runtime": 2375.8296802043915, "_step": 999, "_wandb": {"runtime": 2374}}