{"reward/satified OD demand": 1.6275878728911266, "reward/social equity": 3.532084882259369, "reward/radiation accessibility": 16.438157081604004, "loss/critic_loss": 25.512409210205078, "loss/actor_loss": 95.72080993652344, "_timestamp": 1723969736.008602, "_runtime": 56.0357928276062, "_step": 132, "_wandb": {"runtime": 55}}