{"reward/satified OD demand": 6.676134705543518, "reward/social equity": 8.068715929985046, "reward/radiation accessibility": 34.37340831756592, "loss/critic_loss": 1981.995361328125, "loss/actor_loss": -52.75681686401367, "_timestamp": 1723982334.3910959, "_runtime": 131.33132791519165, "_step": 332, "_wandb": {"runtime": 130}}