{"reward/satified OD demand": 29.59609353542328, "reward/social equity": 43.64319324493408, "reward/radiation accessibility": 26.005970001220703, "global_step": 999, "_timestamp": 1706756976.9596493, "_runtime": 3929.367075443268, "_step": 999, "_wandb": {"runtime": 3928}}