{"reward/satified OD demand": 7.41265479568392, "reward/social equity": 6.395750558003783, "reward/radiation accessibility": 20.621015071868896, "loss/critic_loss": 22.79289436340332, "loss/actor_loss": -33.378814697265625, "_timestamp": 1723553042.2590168, "_runtime": 674.0036728382111, "_step": 29, "_wandb": {"runtime": 677}}