{"reward/satified OD demand": 0.7608324289321899, "reward/social equity": 4.344691962003708, "reward/radiation accessibility": 14.977669715881348, "loss/critic_loss": 0.3248523771762848, "loss/actor_loss": -1.066582441329956, "_timestamp": 1723711535.094442, "_runtime": 57.95640683174133, "_step": 90}