{"reward/satified OD demand": 8.836159743368626, "reward/social equity": 10.873157620429993, "reward/radiation accessibility": 26.264360427856445, "loss/critic_loss": 28.875736236572266, "loss/actor_loss": 0.4738759994506836, "_timestamp": 1723975760.7982333, "_runtime": 327.24841022491455, "_step": 864, "_wandb": {"runtime": 327}}