{"reward/satified OD demand": 26.666136741638184, "reward/social equity": 52.074970722198486, "reward/radiation accessibility": 49.228060722351074, "global_step": 3868, "_timestamp": 1710841413.0599267, "_runtime": 16309.526388645172, "_step": 3868, "_wandb": {"runtime": 16311}}