{"reward/satified OD demand": 1.2209138444450218, "reward/social equity": 2.6439820528030396, "reward/radiation accessibility": 12.484799861907959, "loss/critic_loss": 833.1951904296875, "loss/actor_loss": -189.8134765625, "_timestamp": 1723979316.0321898, "_runtime": 113.51721692085266, "_step": 280, "_wandb": {"runtime": 112}}