{"reward/satified OD demand": 2.3922190815210342, "reward/social equity": 1.7661428228020668, "reward/radiation accessibility": 15.367988586425781, "loss/critic_loss": 891.2334594726562, "loss/actor_loss": -91.41621398925781, "_timestamp": 1723980453.8604503, "_runtime": 79.2798342704773, "_step": 198, "_wandb": {"runtime": 78}}