{"reward/satified OD demand": 7.049605429172516, "reward/social equity": 7.814378142356873, "reward/radiation accessibility": 42.48245620727539, "loss/critic_loss": 3437.87646484375, "loss/actor_loss": 37.061424255371094, "_timestamp": 1723971801.8388536, "_runtime": 75.74861860275269, "_step": 180, "_wandb": {"runtime": 75}}