{"reward/satified OD demand": 35.44154739379883, "reward/social equity": 45.16659450531006, "reward/radiation accessibility": 42.48245620727539, "loss/critic_loss": 7.394318103790283, "loss/actor_loss": 67.64725494384766, "_timestamp": 1723776601.7926364, "_runtime": 1507.4974794387817, "_step": 1922, "_wandb": {"runtime": 1507}}