{"reward/satified OD demand": 51.28762698173523, "reward/social equity": 46.043492794036865, "reward/radiation accessibility": 44.0712776184082, "loss/critic_loss": 2.2191357612609863, "loss/actor_loss": -1.1528966426849365, "_timestamp": 1711017125.409678, "_runtime": 73154.74605703354, "_step": 3999, "_wandb": {"runtime": 73155}}