{"reward/satified OD demand": 1.2782586170360446, "reward/social equity": 3.022193543612957, "reward/radiation accessibility": 14.977669715881348, "loss/critic_loss": 646.6941528320312, "loss/actor_loss": -110.01348876953125, "_timestamp": 1723982165.3868155, "_runtime": 143.05633354187012, "_step": 351, "_wandb": {"runtime": 142}}