{"reward/satified OD demand": 34.54518485069275, "reward/social equity": 35.43820881843567, "reward/radiation accessibility": 44.0712776184082, "loss/critic_loss": 1.596817135810852, "loss/actor_loss": -5.5746307373046875, "_timestamp": 1723896832.8860133, "_runtime": 12377.93968629837, "_step": 5999}