{"reward/satified OD demand": 31.681414365768433, "reward/social equity": 40.77107620239258, "reward/radiation accessibility": 52.015384674072266, "loss/critic_loss": 17.251075744628906, "loss/actor_loss": -50.21251678466797, "_timestamp": 1723892348.8195693, "_runtime": 8328.470938444138, "_step": 5999, "_wandb": {"runtime": 8329}}