{"reward/satified OD demand": 5.887741327285767, "reward/social equity": 16.883917808532715, "reward/radiation accessibility": 26.264360427856445, "loss/critic_loss": 1.9955260753631592, "loss/actor_loss": -39.3454475402832, "_timestamp": 1723714278.2408752, "_runtime": 2523.633105278015, "_step": 2966}