{"reward/satified OD demand": 3.8410541207995266, "reward/social equity": 6.5130701046437025, "reward/radiation accessibility": 24.943549156188965, "loss/critic_loss": 25.94633674621582, "loss/actor_loss": -66.53849029541016, "_timestamp": 1710903476.9651737, "_runtime": 959.8678696155548, "_step": 90}