{"reward/satified OD demand": 3.100560173392296, "reward/social equity": 3.5199200809001923, "reward/radiation accessibility": 17.12123680114746, "loss/critic_loss": 752.1509399414062, "loss/actor_loss": -130.05003356933594, "_timestamp": 1723980562.9713712, "_runtime": 103.67427706718445, "_step": 262, "_wandb": {"runtime": 103}}