{"reward/satified OD demand": 1.7379387966357172, "reward/social equity": 7.709339395165443, "reward/radiation accessibility": 14.977669715881348, "loss/critic_loss": 1.585715889930725, "loss/actor_loss": 34.38606643676758, "_timestamp": 1723711106.95763, "_runtime": 277.5570728778839, "_step": 475}