{"reward/satified OD demand": 8.248915672302246, "reward/social equity": 24.489431381225586, "reward/radiation accessibility": 48.83774185180664, "loss/critic_loss": 1.358039140701294, "loss/actor_loss": 32.22990798950195, "_timestamp": 1723705299.4265134, "_runtime": 1253.1987764835358, "_step": 1438}