{"reward/satified OD demand": 8.280337512493134, "reward/social equity": 10.940245032310486, "reward/radiation accessibility": 34.37340831756592, "loss/critic_loss": 28.76967430114746, "loss/actor_loss": -4.889533996582031, "_timestamp": 1723976195.8050394, "_runtime": 428.2308373451233, "_step": 1087, "_wandb": {"runtime": 428}}