{"reward/satified OD demand": 4.00999840721488, "reward/social equity": 6.057445272803307, "reward/radiation accessibility": 23.08671760559082, "loss/critic_loss": 15.250472068786621, "loss/actor_loss": 107.7183609008789, "_timestamp": 1723775075.2850657, "_runtime": 75.47935175895691, "_step": 107}