{"reward/satified OD demand": 0.5587128512561321, "reward/social equity": 2.526728481054306, "reward/radiation accessibility": 14.977669715881348, "loss/critic_loss": 0.3107980787754059, "loss/actor_loss": 0.5937352180480957, "_timestamp": 1723711467.0453534, "_runtime": 350.18388533592224, "_step": 621}