{"reward/satified OD demand": 0.3244621204557916, "reward/social equity": 1.153692439198494, "reward/radiation accessibility": 6.868621826171875, "loss/critic_loss": 44667.890625, "loss/actor_loss": 966.8028564453125, "_timestamp": 1723985840.523043, "_runtime": 8.670363903045654, "_step": 2, "_wandb": {"runtime": 8}}