{"reward/satified OD demand": 2.324470621999353, "reward/social equity": 3.3684862852096558, "reward/radiation accessibility": 24.87069845199585, "loss/critic_loss": 5.779264450073242, "loss/actor_loss": 19.835010528564453, "_timestamp": 1723962127.8707285, "_runtime": 57.241007566452026, "_step": 67, "_wandb": {"runtime": 57}}