{"reward/satified OD demand": 1.4849176574498415, "reward/social equity": 4.632190451025963, "reward/radiation accessibility": 6.868621826171875, "loss/critic_loss": 167.5731964111328, "loss/actor_loss": -90.72441864013672, "_timestamp": 1724051420.994962, "_runtime": 510.89213705062866, "_step": 223}