{"reward/satified OD demand": 5.133378863334656, "reward/social equity": 10.306875169277191, "reward/radiation accessibility": 31.195765495300293, "loss/critic_loss": 269483.03125, "loss/actor_loss": 87.18045043945312, "_timestamp": 1724050572.3401055, "_runtime": 2709.0129516124725, "_step": 2296}