{"reward/satified OD demand": 40.56361095607281, "reward/social equity": 39.681021094322205, "reward/radiation accessibility": 44.427247762680054, "global_step": 999, "_timestamp": 1706679139.796921, "_runtime": 4704.375508069992, "_step": 999, "_wandb": {"runtime": 4703}}