{"reward/satified OD demand": 69.85823726654053, "reward/social equity": 44.06769776344299, "reward/radiation accessibility": 52.015384674072266, "loss/critic_loss": 2.2103018760681152, "loss/actor_loss": -5.059158802032471, "_timestamp": 1711090528.869526, "_runtime": 12009.409327983856, "_step": 3999, "_wandb": {"runtime": 12010}}