{"reward/satified OD demand": 1.7988023142270322, "reward/social equity": 2.6299810130149126, "reward/radiation accessibility": 15.395377799868584, "loss/critic_loss": 1.1070818901062012, "loss/actor_loss": 24.731273651123047, "_timestamp": 1710933718.615205, "_runtime": 18.36004114151001, "_step": 0, "_wandb": {"runtime": 28}}