{"reward/satified OD demand": 22.427352523803712, "reward/social equity": 46.34264297485352, "reward/radiation accessibility": 50.744327545166016, "loss/critic_loss": 7.355519771575928, "loss/actor_loss": -17.389877319335938, "_timestamp": 1724137806.5523028, "_runtime": 11312.630493879318, "_step": 3999}