{"reward/satified OD demand": 3.1625102404505014, "reward/social equity": 14.755741596221924, "reward/radiation accessibility": 40.72869396209717, "loss/critic_loss": 2.7204430103302, "loss/actor_loss": -10.199280738830566, "_timestamp": 1723715372.0504973, "_runtime": 866.0254902839661, "_step": 1154}