{"reward/satified OD demand": 1.4493670482188463, "reward/social equity": 3.371044158935547, "reward/radiation accessibility": 6.868621826171875, "loss/critic_loss": 7.6949462890625, "loss/actor_loss": 8.934234619140625, "_timestamp": 1723974109.0219607, "_runtime": 141.79174661636353, "_step": 364, "_wandb": {"runtime": 141}}