{"reward/satified OD demand": 45.4546400308609, "reward/social equity": 31.17834460735321, "reward/radiation accessibility": 46.05730438232422, "global_step": 999, "_timestamp": 1706697059.1702654, "_runtime": 2761.0495104789734, "_step": 999, "_wandb": {"runtime": 2760}}