{"reward/satified OD demand": 32.44474220275879, "reward/social equity": 32.20688819885254, "reward/radiation accessibility": 39.304813385009766, "loss/critic_loss": 0.8866386413574219, "loss/actor_loss": 3.557457447052002, "_timestamp": 1723794911.1676662, "_runtime": 6210.998590230942, "_step": 5999, "_wandb": {"runtime": 6212}}