{"reward/satified OD demand": 46.791701555252075, "reward/social equity": 31.340355217456818, "reward/radiation accessibility": 48.043331146240234, "global_step": 999, "_timestamp": 1706715282.5738063, "_runtime": 3031.671886205673, "_step": 999, "_wandb": {"runtime": 3032}}