{"reward/satified OD demand": 29.856909155845642, "reward/social equity": 45.61230421066284, "reward/radiation accessibility": 32.38814437389374, "global_step": 999, "_timestamp": 1706756614.1764777, "_runtime": 3696.024537563324, "_step": 999, "_wandb": {"runtime": 3697}}