{"reward/satified OD demand": 3.5623812526464462, "reward/social equity": 4.984787106513977, "reward/radiation accessibility": 23.981187343597412, "loss/critic_loss": 6.24619197845459, "loss/actor_loss": 4.276861190795898, "_timestamp": 1723884008.357295, "_runtime": 43.55280804634094, "_step": 49, "_wandb": {"runtime": 43}}