{"reward/satified OD demand": 10.408239722251892, "reward/social equity": 30.24039387702942, "reward/radiation accessibility": 50.42656326293945, "loss/critic_loss": 1.3573769330978394, "loss/actor_loss": 20.953245162963867, "_timestamp": 1723704025.6460986, "_runtime": 2537.444346666336, "_step": 1252}