{"reward/satified OD demand": 1.8136462792754173, "reward/social equity": 3.1493328362703323, "reward/radiation accessibility": 18.516002416610718, "loss/critic_loss": 5.740371227264404, "loss/actor_loss": -859.9701538085938, "_timestamp": 1723994879.8887813, "_runtime": 375.03153228759766, "_step": 278}