{"reward/satified OD demand": 2.0423133559525013, "reward/social equity": 4.533771589398384, "reward/radiation accessibility": 23.42910408973694, "loss/critic_loss": 18542.93359375, "loss/actor_loss": -25.325183868408203, "_timestamp": 1724052666.7289684, "_runtime": 783.0083034038544, "_step": 640}