{"reward/satified OD demand": 22.859090261161327, "reward/social equity": 41.224879525601864, "reward/radiation accessibility": 28.864449441432953, "global_step": 999, "_timestamp": 1706756870.249806, "_runtime": 3904.813731908798, "_step": 999, "_wandb": {"runtime": 3904}}