{"reward/satified OD demand": 4.734938085079193, "reward/social equity": 6.659478574991226, "reward/radiation accessibility": 26.23719310760498, "loss/critic_loss": 5.856017112731934, "loss/actor_loss": 56.98649215698242, "_timestamp": 1723966741.0941434, "_runtime": 84.5552933216095, "_step": 11, "_wandb": {"runtime": 89}}