{"reward/satified OD demand": 1.093448160099797, "reward/social equity": 3.5599450431764126, "reward/radiation accessibility": 13.731234788894653, "global_step": 13, "_timestamp": 1710824629.3229809, "_runtime": 37.75552988052368, "_step": 13, "_wandb": {"runtime": 37}}