{"reward/satified OD demand": 34.68101507425308, "reward/social equity": 48.86088562011719, "reward/radiation accessibility": 44.217647194862366, "global_step": 999, "_timestamp": 1706713986.5297678, "_runtime": 4882.829069852829, "_step": 999, "_wandb": {"runtime": 4882}}