{"reward/satified OD demand": 3.3387103900313377, "reward/social equity": 4.726012617349625, "reward/radiation accessibility": 23.08671760559082, "loss/critic_loss": 8.464859008789062, "loss/actor_loss": -377.66571044921875, "_timestamp": 1724052708.358383, "_runtime": 29.837061882019043, "_step": 25, "_wandb": {"runtime": 29}}