{"reward/satified OD demand": 3.604155423119664, "reward/social equity": 4.33130142185837, "reward/radiation accessibility": 20.26704740524292, "loss/critic_loss": 6.887442588806152, "loss/actor_loss": 38.2987174987793, "_timestamp": 1710857427.7160678, "_runtime": 24.958037853240967, "_step": 2}