{"reward/satified OD demand": 1.8096036221832037, "reward/social equity": 3.555514469742775, "reward/radiation accessibility": 13.731234788894653, "global_step": 9, "_timestamp": 1710825054.459385, "_runtime": 30.383800983428955, "_step": 9, "_wandb": {"runtime": 30}}