{"reward/satified OD demand": 1.2104654622574647, "reward/social equity": 1.6393344104290009, "reward/radiation accessibility": 12.274653752644857, "loss/critic_loss": 3.33240008354187, "loss/actor_loss": -716.7184448242188, "_timestamp": 1723985501.7798314, "_runtime": 557.372344493866, "_step": 669, "_wandb": {"runtime": 556}}