{"reward/satified OD demand": 16.91473289579153, "reward/social equity": 20.838971614837646, "reward/radiation accessibility": 40.72869396209717, "loss/critic_loss": 177517.921875, "loss/actor_loss": -205.6954803466797, "_timestamp": 1724066978.9809177, "_runtime": 2349.732408761978, "_step": 1264}