{"reward/satified OD demand": 0.873329636087874, "reward/social equity": 3.215745985507965, "reward/radiation accessibility": 6.868621826171875, "loss/critic_loss": 582.7716064453125, "loss/actor_loss": -78.73381805419922, "_timestamp": 1724051872.890158, "_runtime": 431.5090539455414, "_step": 331}