{"reward/satified OD demand": 4.358106571569806, "reward/social equity": 3.5587355196475983, "reward/radiation accessibility": 24.675539016723633, "loss/critic_loss": 38.55366516113281, "loss/actor_loss": 15.45193862915039, "_timestamp": 1723969283.4011052, "_runtime": 15.495948076248169, "_step": 10, "_wandb": {"runtime": 14}}