{"reward/satified OD demand": 39.24562008585781, "reward/social equity": 38.14097445458174, "reward/radiation accessibility": 46.63249480724335, "global_step": 999, "_timestamp": 1706695276.8164833, "_runtime": 9205.65723323822, "_step": 999, "_wandb": {"runtime": 9204}}