{"reward/satified OD demand": 3.594441706314683, "reward/social equity": 4.499805465340614, "reward/radiation accessibility": 23.771490573883057, "loss/critic_loss": 1460.837158203125, "loss/actor_loss": -38.10084915161133, "_timestamp": 1723979859.7396383, "_runtime": 159.0769293308258, "_step": 406, "_wandb": {"runtime": 158}}