{"reward/satified OD demand": 0.0, "reward/social equity": 0.27632000390440226, "reward/radiation accessibility": 0.0, "global_step": 44, "_timestamp": 1706885093.5766175, "_runtime": 18.5578875541687, "_step": 44}