{"reward/satified OD demand": 28.43299102783203, "reward/social equity": 28.28748846054077, "reward/radiation accessibility": 45.660099029541016, "loss/critic_loss": 29.904193878173828, "loss/actor_loss": -176.13487243652344, "_timestamp": 1723975426.7717142, "_runtime": 1019.368349313736, "_step": 1716, "_wandb": {"runtime": 1018}}