{"reward/satified OD demand": 4.033342792652547, "reward/social equity": 5.776040077209473, "reward/radiation accessibility": 23.08671760559082, "loss/critic_loss": 1250.2376708984375, "loss/actor_loss": -110.30976867675781, "_timestamp": 1723979546.4466197, "_runtime": 113.80762982368469, "_step": 279, "_wandb": {"runtime": 113}}