{"reward/satified OD demand": 6.298245319165289, "reward/social equity": 7.15265154838562, "reward/radiation accessibility": 23.08671760559082, "loss/critic_loss": 34.1080436706543, "loss/actor_loss": 87.70608520507812, "_timestamp": 1723969415.795518, "_runtime": 65.69545602798462, "_step": 142, "_wandb": {"runtime": 65}}