{"reward/satified OD demand": 49.91882252693176, "reward/social equity": 35.13814443349838, "reward/radiation accessibility": 48.043331146240234, "loss/critic_loss": 5.167985439300537, "loss/actor_loss": 17.54349708557129, "_timestamp": 1710903691.9168947, "_runtime": 5661.128813743591, "_step": 1252}