{"reward/satified OD demand": 46.52686417102814, "reward/social equity": 29.983400404453278, "reward/radiation accessibility": 44.468482971191406, "global_step": 999, "_timestamp": 1706711866.6046553, "_runtime": 16483.009312152863, "_step": 999, "_wandb": {"runtime": 16483}}