{"reward/satified OD demand": 4.848372707143426, "reward/social equity": 4.6743112951517105, "reward/radiation accessibility": 30.31888437271118, "loss/critic_loss": 1965.67919921875, "loss/actor_loss": -92.64301300048828, "_timestamp": 1723979182.2013886, "_runtime": 254.38798666000366, "_step": 341, "_wandb": {"runtime": 254}}