{"reward/satified OD demand": 28.380194664001465, "reward/social equity": 26.81153631210327, "reward/radiation accessibility": 44.0712776184082, "loss/critic_loss": 30825.673828125, "loss/actor_loss": 77.39067077636719, "_timestamp": 1724055994.8786762, "_runtime": 2715.1867501735687, "_step": 1282, "_wandb": {"runtime": 2716}}