{"reward/satified OD demand": 8.9660161328502, "reward/social equity": 5.735994890332222, "reward/radiation accessibility": 20.621015071868896, "global_step": 43, "_timestamp": 1710841422.8793461, "_runtime": 43.51571202278137, "_step": 43}