{"reward/satified OD demand": 47.396501541137695, "reward/social equity": 31.489830374717712, "reward/radiation accessibility": 45.26289367675781, "global_step": 999, "_timestamp": 1706685807.9718773, "_runtime": 4789.735944271088, "_step": 999, "_wandb": {"runtime": 4788}}