{"reward/satified OD demand": 3.233354050666094, "reward/social equity": 5.006885290145874, "reward/radiation accessibility": 26.264360427856445, "loss/critic_loss": 14.653879165649414, "loss/actor_loss": 74.56320190429688, "_timestamp": 1723779138.7260354, "_runtime": 70.39599823951721, "_step": 9, "_wandb": {"runtime": 71}}