{"reward/satified OD demand": 11.686245203018188, "reward/social equity": 33.46163272857666, "reward/radiation accessibility": 45.660099029541016, "loss/critic_loss": 0.3837701976299286, "loss/actor_loss": -5.565609931945801, "_timestamp": 1723709838.0117, "_runtime": 3118.656206846237, "_step": 3067}